name_a,name_b,similarity_score
ADVANCE PROSTHETICS AND ORTHOTICS,ADVANCED PROSTHETICS AND ORTHOTICS,98.51
AMERICAN VETERANS SERVICES,AMERICAN VETERAN SERVICES,98.04
VETERANS FIRST HEALTHCARE,VETERANS FIRST HEALTH CARE,98.04
WESTCOAST BRACE & LIMB,WEST COAST BRACE & LIMB,97.78
TURN-KEY TECHNOLOGIES,TURNKEY TECHNOLOGIES,97.56
MARQUIS COMPANIES II,MARQUIS COMPANIES I,97.44
HANGER PROSTHETICS & ORTHOTICS WEST,HANGER PROSTHETICS & ORTHOTICS EAST,97.14
VETERANS ELECTRIC,VETERAN ELECTRIC,96.97
SOUTHEAST LOUISIANA VETERANS HOME,SOUTHWEST LOUISIANA VETERANS HOME,96.97
WINNIE-STOWELL HOSPITAL DISTRICT,WINNIE STOWELL HOSPITAL DISTRICT,96.88
MGC SERVICES A JOINT VENTURE 2,MGC SERVICES A JOINT VENTURE,96.55
DYNAMIC GOVERNMENT RESOURCES 2,DYNAMIC GOVERNMENT RESOURCES,96.55
RENAL TREATMENT CENTERS - WEST,RENAL TREATMENT CENTERS-WEST,96.55
CENTER FOR ORTHOTIC & PROSTHETIC CARE OF NORTH CAROLINA,CENTER FOR ORTHOTIC AND PROSTHETIC CARE OF NORTH CAROLINA,96.43
MOBILITYWORKS,MOBILITY WORKS,96.3
UNIVERSITY OF TEXAS HEALTH SCIENCE CENTER AT HOUSTON,UNIVERSITY OF TEXAS HEALTH SCIENCE CENTER AT HOUSTON THE,96.3
CENTER FOR ORTHOTIC & PROSTHETIC CARE OF KENTUCKY,CENTER FOR ORTHOTIC AND PROSTHETIC CARE OF KENTUCKY,96.0
POTOMAC VALOR HEALTHCARE 2,POTOMAC VALOR HEALTHCARE,96.0
GUARD FORCE,GUARD FORCES,95.65
NORTHWESTERN UNIVERSITY,NORTHEASTERN UNIVERSITY,95.65
HEALTH AND HOSPITAL CORP OF MARION COUNTY THE,HEALTH & HOSPITAL CORP OF MARION COUNTY THE,95.45
CARDINAL HEALTH PR 120,CARDINAL HEALTH PR 220,95.45
SOUTH DADE AIR CONDITIONING AND REFRIGERATION,SOUTH DADE AIR CONDITIONING & REFRIGERATION,95.45
PARAGON TECHNOLOGIES,PARAGONIX TECHNOLOGIES,95.24
REGENTS OF THE UNIVERSITY OF CALIFORNIA THE,REGENTS OF THE UNIVERSITY OF CALIFORNIA,95.12
CLEAR VANTAGE POINT SOLUTIONS,CLEAR VANTAGE POINT SOLUTIONS II,95.08
PARADIGM ENGINEERS AND CONSTRUCTORS PLLC,PARADIGM ENGINEERS & CONSTRUCTORS PLLC,94.87
MEDICAL UNIVERSITY OF SOUTH CAROLINA THE,MEDICAL UNIVERSITY OF SOUTH CAROLINA,94.74
SPEES-HERNANDEZ JV,SPEES-HERNANDEZ JV 2,94.74
WFV 3 CONSTRUCTION,WFV 2 CONSTRUCTION,94.44
REGENTS OF THE UNIVERSITY OF MINNESOTA,REGENTS OF UNIVERSITY OF MINNESOTA,94.44
WFV 3 CONSTRUCTION,WFV 4 CONSTRUCTION,94.44
WFV 4 CONSTRUCTION,WFV 2 CONSTRUCTION,94.44
PRIORITY 5 HOLDINGS,PRIORITY HOLDINGS,94.44
OPTUM PHARMACY 801,OPTUM PHARMACY 601,94.44
AMERICAN ORTHOTICS AND PROSTHETICS,AMERICAN ORTHOPEDICS AND PROSTHETICS,94.29
PRECISION ORTHOTICS & PROSTHETICS,PRECISION ORTHOTICS AND PROSTHETICS,94.12
AMERI CON,AMERICON,94.12
PARTYTIME RENTALS,PARTY TIME RENTAL,94.12
WFV CONSTRUCTION,WFV 2 CONSTRUCTION,94.12
WFV CONSTRUCTION,WFV 4 CONSTRUCTION,94.12
WFV CONSTRUCTION,WFV 3 CONSTRUCTION,94.12
NORTH BAY PROSTHETICS AND ORTHOTICS,NORTH BAY PROSTHETICS & ORTHOTICS,94.12
ADVANCED PROSTHETICS AND ORTHOTICS,ADVANCED PROSTHETICS & ORTHOTICS,93.94
ADVANCED ORTHOPEDICS & PROSTHETICS,ADVANCED ORTHOTICS & PROSTHETICS,93.94
WATERVILLE SNF OPERATIONS,WATERVIEW SNF OPERATIONS,93.88
UNIVERSITY SURGICAL ASSOCIATES,UNIVERSITY UROLOGICAL ASSOCIATES,93.55
MOBILE PROSTHETICS & ORTHOTICS,MOBILITY PROSTHETICS & ORTHOTICS,93.55
PHILIPS NORTH AMERICA,PHILIPS RS NORTH AMERICA,93.33
IDAHO PROSTHETICS AND ORTHOTICS,IDAHO PROSTHETICS & ORTHOTICS,93.33
CAPITAL PROSTHETIC & ORTHOTICS CENTER,CAPITAL PROSTHETIC AND ORTHOTIC CENTER,93.33
ADAPTIVE TECHNOLOGIES,ADAPTIVE BIOTECHNOLOGIES,93.33
HANGER PROSTHETICS & ORTHOTICS,HANGER PROSTHETICS & HOSTICS,93.1
THE REMI GROUP,THE REID GROUP,92.86
HEALTH AND HOSPITAL CORP OF MARION COUNTY THE,HEALTH AND HOSPITAL CORPORATION OF MARION COUNTY THE,92.78
UNIVERSITY OF MARYLAND NEUROSURGERY ASSOCIATES PA,UNIVERSITY OF MARYLAND NEUROLOGY ASSOCIATES PA,92.63
NORTHERN ORTHOTICS & PROSTHETICS,NORTHWEST ORTHOTICS & PROSTHETICS,92.31
FDCD JOINT VENTURE,FDCD II JOINT VENTURE,92.31
HANGER PROSTHETICS & ORTHOTICS,HANGER PROSTHETICS & ORTHOTICS EAST,92.31
HANGER PROSTHETICS & ORTHOTICS,HANGER PROSTHETICS & ORTHOTICS WEST,92.31
ADVANTAGE PROSTHETICS & ORTHOTICS,ADVANCED PROSTHETICS & ORTHOTICS,92.31
ADVANCE PROSTHETICS AND ORTHOTICS,ADVANCED PROSTHETICS & ORTHOTICS,92.31
DAX/GBAB JV 4,DAX/GBAB JV 3,92.31
ADVANCED ORTHOTICS & PROSTHETICS,ADVANCE ORTHOTICS AND PROSTHETICS,92.31
ORTHOTIC PROSTHETIC SPECIALIST,ORTHOTIC & PROSTHETIC SPECIALTIES,92.06
PAN-O-GOLD BAKING,PAN-O-GOLD BAKING CO,91.89
DAX/GBAB JV 3,DAX/GBAB JV,91.67
AMERICAN VETERAN SOLUTIONS,AMERICAN VET SOLUTIONS,91.67
DAX/GBAB JV 4,DAX/GBAB JV,91.67
SIGNATURE CHOICE,SIGNATURE CHOICE II,91.43
VANDERBILT UNIVERSITY,VANDERBILT UNIVERSITY THE,91.3
ORTHO-CLINICAL DIAGNOSTICS,ORTHO-CLINICAL DIAGNOSTICS GMBH,91.23
REGENTS OF THE UNIVERSITY OF MICHIGAN,REGENTS OF THE UNIVERSITY OF CA,91.18
VOLUNTEERS OF AMERICA OHIO & INDIANA,VOLUNTEERS OF AMERICA OF INDIANA,91.18
NORTHWEST ORTHOTICS & PROSTHETICS,NORTHEAST ORTHOTICS AND PROSTHETICS,91.18
LIFESERVE BLOOD CENTER,LIFESHARE BLOOD CENTER,90.91
BELL MEDIA,BELL MEDICAL,90.91
RESPONDER SYSTEMS,RESPONSE SYSTEMS,90.91
UNIVERSITY OF MARYLAND ANESTHESIOLOGY ASSOCIATES PA,UNIVERSITY OF MARYLAND NEUROLOGY ASSOCIATES PA,90.72
UNIVERSITY OF MARYLAND NEUROLOGY ASSOCIATES PA,UNIVERSITY OF MARYLAND EYE ASSOCIATES PA,90.7
RIVERSIDE HOME MEDICAL SUPPLY,RIVERSIDE MEDICAL SUPPLY,90.57
UNITED SITE SERVICES OF GEORGIA,UNITED SITE SERVICES OF FLORIDA,90.32
FFE - HEAPY JV,FFE - HEAPY JV-II,90.32
WASTE MANAGEMENT OF IOWA,WASTE MANAGEMENT OF ARIZONA,90.2
NORTH NURSING AND REHAB,NORTH LAKE NURSING AND REHAB,90.2
WATERS OF BRISTOL A REHABILITATION & NURSING CENTER,WATERS OF MEMPHIS A REHABILITATION & NURSING CENTER,90.2
CENTER FOR PROSTHETICS ORTHOTICS,CENTER FOR PROSTHETICS & ORTHOTICS PLLC,90.14
CARL ZEISS MEDITEC,CARL ZEISS MEDITEC USA,90.0
GUIDON MES JV,GUIDON MES JV II,89.66
THE RAPID GROUP,THE REID GROUP,89.66
PROGRESSIVE ELDERCARE SERVICES,PROGRESSIVE ELDERCARE SERVICES-SALINE,89.55
VETERAN LED SOLUTIONS,VETERAN SOLUTIONS,89.47
CARDINAL HEALTH 200,CARDINAL HEALTH 108,89.47
CARDINAL HEALTH 414,CARDINAL HEALTH 108,89.47
VETERAN LED SOLUTIONS,VETERAN ELEVATED SOLUTIONS,89.36
REBOUND ORTHOTICS & PROSTHETICS,REBOUND ORTHOTICS & PROST,89.29
INTEGRATED FIRE & SECURITY SOLUTIONS,INTEGRATED SECURITY SOLUTIONS,89.23
SGJV,SGJV2,88.89
CASELLA WASTE MANAGEMENT OF NY,CASELLA WASTE MANAGEMENT,88.89
MARTIN BIONICS CLINICAL CARE,MARTIN BIONICS CLINICAL CARE DALLAS,88.89
VYAIRE MEDICAL 203,VYAIRE MEDICAL 211,88.89
ACADIAN AMBULANCE SERVICE OF TENNESSEE,ACADIAN AMBULANCE SERVICE OF TEXAS,88.89
VALOR CONSTRUCTION,VALOR CONSTRUCTORS,88.89
NORTH BAY PROSTHETICS AND ORTHOTICS,NORTH SHORE PROSTHETICS AND ORTHOTICS,88.89
ONCOR,ONCO,88.89
REGENTS OF THE UNIVERSITY OF CALIFORNIA,REGENTS OF THE UNIVERSITY OF CA,88.57
UNIVERSITY OF CALIFORNIA DAVIS,UNIVERSITY OF CALIFORNIA IRVINE,88.52
ADAPTIVE TECH RESOURCES,ADAPTIVE TECHNOLOGY RESOURCES,88.46
HEALTH AND HOSPITAL CORPORATION OF MARION COUNTY THE,HEALTH & HOSPITAL CORP OF MARION COUNTY THE,88.42
REGENTS OF THE UNIVERSITY OF CALIFORNIA THE,REGENTS OF THE UNIVERSITY OF CALIFORNIA AT RIVERSIDE,88.42
HARMONY HOUSE NURSING & REHABILITATION CENTER,HARMONY NURSING AND REHABILITATION CENTER,88.37
NEXT STEP BIONICS AND PROSTHETICS,NEXT STEP ORTHOTICS AND PROSTHETICS,88.24
CAPITAL PROSTHETIC & ORTHOTICS CENTER,CAPITAL PROSTHETICS & ORTHOTICS,88.24
SYNERGY MEDICAL USA,SYNERGY MEDICAL,88.24
CITY OF NORTHAMPTON,CITY OF HAMPTON,88.24
CARDINAL HEALTH 414,CARDINAL HEALTH,88.24
CARDINAL HEALTH,CARDINAL HEALTH 108,88.24
CARDINAL HEALTH 200,CARDINAL HEALTH,88.24
T & T TECHNOLOGY,T & T TECHNOLOGIES,88.24
UNITED SITE SERVICES OF TEXAS,UNITED SITE SERVICES OF NEVADA,88.14
LABORATORY CORPORATION OF AMERICA,LABORATORY CORP OF AMERICA,88.14
LJBCO GROUP,LJBCO GROUP II,88.0
LONG BEACH CARE CENTER,LONG BEACH HEALTHCARE CENTER,88.0
PRUITTHEALTH - NORTH AUGUSTA,PRUITTHEALTH - AUGUSTA,88.0
PHARMALOGIC MT,PHARMALOGIC,88.0
PHARMALOGIC WV,PHARMALOGIC,88.0
UNIVERSITY OF MARYLAND SURGICAL ASSOCIATES PA,UNIVERSITY OF MARYLAND NEUROLOGY ASSOCIATES PA,87.91
ADVANTAGE PROSTHETICS & ORTHOTICS,ADVANCE PROSTHETICS AND ORTHOTICS,87.88
CARDINAL HEALTH 200,CARDINAL HEALTH PR 120,87.8
CARDINAL HEALTH 200,CARDINAL HEALTH PR 220,87.8
CARDINAL HEALTH PR 120,CARDINAL HEALTH 108,87.8
VETERANS CONSTRUCTION,VETERANS CONTRACTING,87.8
THE UNIVERSITY OF TEXAS HEALTH SCIENCE CENTER AT SAN ANTONIO,THE UNIVERSITY OF TEXAS HEALTH SCIENCE CENTER AT TYLER,87.72
SSC MYSTIC OPERATING COMPANY,SSC NIANTIC OPERATING COMPANY,87.72
WHITE STONE HEALTHCARE RESOURCES,WHITE STONE SPECTRUM HEALTHCARE RESOURCES,87.67
UNIVERSITY OF MARYLAND NEUROSURGERY ASSOCIATES PA,UNIVERSITY OF MARYLAND EYE ASSOCIATES PA,87.64
WATERS OF BRISTOL A REHABILITATION & NURSING CENTER,WATERS OF SWEETWATER A REHABILITATION & NURSING CENTER,87.62
UNIVERSITY OF FLORIDA,UNIVERSITY OF SOUTH FLORIDA,87.5
THE JANDOR GROUP,THE JAHNDA GROUP,87.5
VYAIRE MEDICAL,VYAIRE MEDICAL 211,87.5
SALVATION ARMY THE,SALVATION ARMY,87.5
MEDIACOM,MEDICOMP,87.5
ACCESS2MOBILITY,ACCESS & MOBILITY,87.5
VYAIRE MEDICAL 203,VYAIRE MEDICAL,87.5
MENTAL HEALTH ASSOCIATION IN DELAWARE,MENTAL HEALTH ASSOCIATION IN TULSA,87.32
TOTAL CARE ORTHOTICS AND PROSTHETICS,TOTAL REHAB ORTHOTICS & PROSTHETICS,87.32
WASTE MANAGEMENT OF ARIZONA,WASTE MANAGEMENT OF VIRGINIA,87.27
AMERICAN VETERAN CONSTRUCTION,AMERICAN WEST CONSTRUCTION,87.27
UNIVERSITY OF MARYLAND SURGICAL ASSOCIATES PA,UNIVERSITY OF MARYLAND NEUROSURGERY ASSOCIATES PA,87.23
THE WHITESTONE GROUP,THE WHITESIDE GROUP,87.18
BLUERIDGE TECHNOLOGY,BLUELINE TECHNOLOGY,87.18
MEDICAL GAS SOLUTIONS,MEDIALAB SOLUTIONS,87.18
HANDICAPPED DRIVER SERVICES,HANDICAPPED DRIVER SERVICES-FLORIDA,87.1
HANDICAPPED DRIVER SERVICES,HANDICAPPED DRIVER SERVICES-ALABAMA,87.1
UNIVERSITY OF MARYLAND SURGICAL ASSOCIATES PA,UNIVERSITY OF MARYLAND EYE ASSOCIATES PA,87.06
UNIVERSITY OF TEXAS HEALTH SCIENCE CENTER OF SAN ANTONIO,UNIVERSITY OF TEXAS HEALTH SCIENCE CENTER AT HOUSTON,87.04
VETERANS CONTRACTING,VETERANS CONTRACTING GROUP,86.96
REGENTS OF THE UNIVERSITY OF MINNESOTA,REGENTS OF THE UNIVERSITY OF CA,86.96
NORTON SD SKILLED NURSING FACILITY,NORTHBROOK SKILLED NURSING FACILITY,86.96
NATIONAL CONTRACT MANAGEMENT ASSOCIATION,NATIONAL PEST MANAGEMENT ASSOCIATION,86.84
WASTE MANAGEMENT OF IOWA,WASTE MANAGEMENT OF MINNESOTA,86.79
TOTAL MOBILITY SERVICES,TOTAL ACCESS MOBILITY SERVICES,86.79
SOUTHEASTERN MEDICAL BROKERS,SOUTHWESTERN MEDICAL REPS,86.79
WASTE MANAGEMENT OF KANSAS,WASTE MANAGEMENT OF ARIZONA,86.79
ORTHOTICS & PROSTHETICS EAST,ORTHOTIC & PROSTHETIC LAB,86.79
WASTE MANAGEMENT OF OREGON,WASTE MANAGEMENT OF ARIZONA,86.79
AMERICAN MEDICAL RESPONSE OF COCHISE COUNTY,AMERICAN MEDICAL RESPONSE OF CONNECTICUT,86.75
VILLA HEALTHCARE & REHABILITATION CENTER,VILLAGE PLACE HEALTHCARE AND REHABILITATION CENTER,86.67
UNITED SITE SERVICES OF GEORGIA,UNITED SITE SERVICES OF TEXAS,86.67
FRED HUTCHINSON CANCER RESEARCH CENTER,FRED HUTCHINSON CANCER CENTER,86.57
NORTHERN ORTHOTICS & PROSTHETICS,NORTHEAST ORTHOTICS AND PROSTHETICS,86.57
ADVANTAGE PROSTHETICS & ORTHOTICS,ADVANCED PROSTHETICS AND ORTHOTICS,86.57
ADVANCED ORTHOPEDICS & PROSTHETICS,ADVANCE ORTHOTICS AND PROSTHETICS,86.57
UNIVERSITY OF MARYLAND ORTHOPAEDIC ASSOCIATES PA,UNIVERSITY OF MARYLAND EYE ASSOCIATES PA,86.36
SAME DAY TRANSCRIPTIONS,SAME DAY TRANSLATIONS,86.36
GEORGETOWN UNIVERSITY,GEORGE MASON UNIVERSITY,86.36
QUALITY POWER SOLUTIONS,QUALITY AIR SOLUTIONS,86.36
UNITED HOSPITAL SERVICES,UNITED SITE SERVICES,86.36
VETERANS CHOICE SERVICES,VETERANS TECHNICAL SERVICES,86.27
PERFORMANCE MEDICAL SUPPLY,PERFORMANCE HEALTH SUPPLY,86.27
ORTHOTIC & PROSTHETIC CENTERS,ORTHOTIC & PROSTHETIC DESIGNS,86.21
VOLUNTEERS OF AMERICA OF ILLINOIS,VOLUNTEERS OF AMERICA OF INDIANA,86.15
NYS OHM COOK CHILL PRODUCTION,NYS OMH COOK CHILL PRODUCTION CENTER,86.15
CORNERSTONE CONSTRUCTION SERVICES,CORNERSTONE RESTORATION SERVICES,86.15
ABILITY PROSTHETICS & ORTHOTICS,ABILITY PROSTHETICS & ORTHOTICS OF NEVADA,86.11
UNIVERSITY OF CALIFORNIA SAN DIEGO,UNIVERSITY OF CALIFORNIA SAN FRANCISCO,86.11
UNIVERSITY OF MARYLAND SURGICAL ASSOCIATES PA,UNIVERSITY OF MARYLAND ORTHOPAEDIC ASSOCIATES PA,86.02
REGENTS OF THE UNIVERSITY OF CALIFORNIA THE,REGENTS OF THE UNIVERSITY OF CALIFORNIA SAN FRANCISCO THE,86.0
HANGER PROSTHETICS & ORTHOTICS WEST,HANGER PROSTHETICS & HOSTICS,85.71
REGENTS OF THE UNIVERSITY OF CALIFORNIA,REGENTS OF THE UNIVERSITY OF CALIFORNIA AT RIVERSIDE,85.71
HANGER PROSTHETICS & ORTHOTICS EAST,HANGER PROSTHETICS & HOSTICS,85.71
ADVANCED CABLE SOLUTIONS,ADVANCED SOLUTIONS,85.71
PHARMALOGIC MT,PHARMALOGIC WV,85.71
THE REMI GROUP,THE TRIM GROUP,85.71
SSC MARLIN OPERATING COMPANY,SSC MYSTIC OPERATING COMPANY,85.71
CENTRAL MAINE ORTHOTICS & PROSTHETICS,CENTRAL TEXAS ORTHOTICS & PROSTHETICS LP,85.71
CAPITOL PEST MANAGEMENT,CAPITAL PROJECT MANAGEMENT,85.71
THE REID GROUP,THE TRIM GROUP,85.71
HANDICAPPED DRIVER SERVICES-FLORIDA,HANDICAPPED DRIVER SERVICES-ALABAMA,85.71
WATERS OF SWEETWATER A REHABILITATION & NURSING CENTER,WATERS OF MEMPHIS A REHABILITATION & NURSING CENTER,85.71
CHARTER COMMUNICATIONS OPERATING,CHARTER COMMUNICATIONS HOLDINGS,85.71
PROGRESSIVE ELDERCARE SERVICES-SALINE,PROGRESSIVE ELDERCARE SERVICES-MORRILTON,85.71
PROGRESSIVE ELDERCARE SERVICES,PROGRESSIVE ELDERCARE SERVICES-MORRILTON,85.71
UNIVERSITY OF MARYLAND ANESTHESIOLOGY ASSOCIATES PA,UNIVERSITY OF MARYLAND EYE ASSOCIATES PA,85.71
ALDEN - VALLEY RIDGE REHABILITATION AND HEALTH CARE CENTER,ALDEN LONG GROVE REHABILITATION AND HEALTH CARE CENTER,85.71
REGENTS OF THE UNIVERSITY OF MICHIGAN,REGENTS OF THE UNIVERSITY OF MINNESOTA,85.33
SSC GREENFIELD OPERATING COMPANY,SSC WACO GREENVIEW OPERATING COMPANY,85.29
RENAL TREATMENT CENTERS - WEST,RENAL TREATMENT CENTERS - SOUTHEAST LP,85.29
UNIVERSITY OF SOUTH CAROLINA,UNIVERSITY OF SOUTHERN CALIFORNIA,85.25
UNITED SITE SERVICES OF GEORGIA,UNITED SITE SERVICES OF NEVADA,85.25
ANEW HEALTHCARE OPERATIONS,ANEW HEALTHCARE OPERATIONS - EASTON,85.25
UNITED SITE SERVICES OF NEVADA,UNITED SITE SERVICES OF FLORIDA,85.25
AMERICAN MEDICAL ASSOCIATION,AMERICAN TELEMEDICINE ASSOCIATION,85.25
CENTER FOR ORTHOTIC AND PROSTHETIC CARE OF NORTH CAROLINA,CENTER FOR ORTHOTIC AND PROSTHETIC CARE OF KENTUCKY,85.19
AMERICAN HEART ASSOCIATION,AMERICAN MEDICAL ASSOCIATION,85.19
WASTE MANAGEMENT OF OREGON,WASTE MANAGEMENT OF COLORADO,85.19
WASTE MANAGEMENT OF OREGON,WASTE MANAGEMENT OF VIRGINIA,85.19
INTEGRITY FEDERAL SERVICES,INTEGRITY NV FUNERAL SERVICE,85.19
ALDEN LINCOLN PARK REHABILITATION & HEALTH CARE CENTER,ALDEN LONG GROVE REHABILITATION AND HEALTH CARE CENTER,85.19
INNOVATIVE SUPPORT SOLUTIONS,INNOVATIVE STEAM SOLUTIONS,85.19
UNIVERSITY OF MARYLAND RADIATION ONCOLOGY ASSOCIATES PA,UNIVERSITY OF MARYLAND NEUROLOGY ASSOCIATES PA,85.15
THE REGENTS OF THE UNIVERSITY OF COLORADO,THE REGENTS OF THE UNIVERSITY OF CALIFORNIA SAN DIEGO,85.11
LIFE TECHNOLOGIES,LIFECANVAS TECHNOLOGIES,85.0
UNIVERSITY OF KANSAS HOSPITAL AUTHORITY,UNIVERSITY OF COLORADO HOSPITAL AUTHORITY,85.0
RIVETER ENTERPRISES,RIVERWALK ENTERPRISES,85.0
